item_id,facts,law,facts_law,importance
001-161898,The case applies existing legal principles without making significant contributions to legal development or establishing new precedents.,The case applies existing case law on the balance between freedom of expression and privacy without making significant contributions to the development of legal principles.,The case applies established principles of ECHR law without making significant contributions to the development or clarification of case law.,1
001-206515,The case applies existing legal principles regarding language requirements in education and does not create new legal precedents.,"The case clarifies the applicability of Article 8 in employment disputes and addresses significant issues of discrimination and minority rights, contributing to the development of ECHR jurisprudence.","The case provides significant contributions to legal principles regarding discrimination and minority rights, with broad implications for interpretation of the ECHR in employment and discrimination contexts.",1
001-206153,The case applies existing case law relating to asylum and family reunification without establishing significant new legal principles or modifications.,"The case significantly clarifies the application of Article 3 in relation to the return of asylum seekers, particularly addressing the risk of ill-treatment based on sexual orientation, thus establishing important legal standards with broader implications.",The judgment contributes significantly to the development of ECHR jurisprudence regarding asylum rights based on sexual orientation and has broad implications for similar future cases in Europe.,1
001-163114,The case applies existing case law without significant contributions to legal development.,The case primarily applies existing case law regarding the enforcement of judgments and does not significantly alter or create new legal principles.,The case mainly applies existing legal principles without establishing new ones or significantly modifying the interpretation of the law.,1
001-198760,"The case contributes significantly to the development of jurisdictional standards on asylum processes and the application of the safe third country principle, making it a landmark case with broad implications.","The case establishes significant jurisprudential implications regarding asylum and human rights standards applied to member states, influencing future court decisions and national legislation.",The case develops significant legal principles about the procedural obligations under Article 3 in the asylum context and establishes standards for evaluating the safety of third countries in the context of asylum claims.,1
001-183395,"The case establishes new legal principles regarding the duty of care owed to businesses in protected areas and clarifies the balancing of state obligations under EU environmental law, thus having broad implications beyond the immediate dispute.",The case applies existing case law regarding property rights without establishing new legal principles or significantly impacting broader ECHR jurisprudence.,The case applies existing legal principles surrounding environmental law and state liability without establishing new significant precedents.,1
001-161975,"The case significantly contributes to legal principles concerning police accountability and operational practices in counter-terrorism, as well as international human rights standards regarding the right to life under Article 2 of the ECHR.",The case applies existing legal principles without making a significant contribution to the development of case law or introducing new legal standards.,"The case makes a significant contribution to the development and clarification of legal standards regarding investigations into deaths caused by state agents, influencing future jurisprudence and state obligations under Article 2 ECHR.",1
001-194523,The case applies existing legal principles without significantly contributing to legal development or establishing new principles.,The case applies existing jurisprudence on the ne bis in idem principle without establishing new legal principles or having broad implications beyond the immediate case.,"The case contributes significantly to the clarification and application of the ne bis in idem principle, establishing new legal standards with implications for future jurisprudence.",1
001-210463,"The case raises significant issues about state responsibility and human rights protections, potentially altering the understanding and applications related to domestic violence and the state's duty to protect victims under the ECHR.","The case establishes critical principles regarding the state's obligation to protect individuals from domestic violence, elaborating on risk assessment standards in a way that has significant implications for future jurisprudence.","The case makes a significant contribution to the development of the standards for state obligations in the context of domestic violence, emphasizing the importance of context and risk assessments to protect vulnerable individuals.",1
001-208053,"The case establishes new legal principles related to judicial vetting and the handling of asset declaration issues, with significant implications for the integrity of the Albanian judiciary.",The case primarily applies existing case law without establishing new legal principles or significant developments in the jurisprudence of the ECHR.,"The case establishes key legal principles regarding the independence and impartiality of vetting bodies in judicial proceedings, setting precedence for similar future cases.",1
001-186135,"The case engages critical questions about the intersection of legal rights of victims' families, procedural justice, and constitutional obligations, potentially leading to significant developments in case law.","The case makes a significant contribution to the interpretation of Article 8 by addressing the interplay between state investigative duties and family rights in contexts involving exhumations, thereby establishing important precedents in ECHR case law.","The case establishes significant legal principles regarding the necessity of judicial review for state actions affecting family rights, particularly surrounding the exhumation of bodies, contributing to the evolution of ECHR jurisprudence on the rights of individuals in the context of serious state interventions.",1
001-172660,"The case has significant implications for the interpretation of the right to life and state obligations in response to terrorism, likely influencing both national legislation and ECHR jurisprudence.","The case establishes new legal principles concerning state responsibilities under the ECHR regulations, particularly regarding counter-terrorism operations and the obligations to protect life and investigate violations effectively, thus having broad implications beyond the immediate case.","The case significantly clarifies state obligations regarding the protection of life in the context of terrorist threats, contributing important principles relevant to future ECHR jurisprudence.",1
001-163820,The case primarily applies existing legal standards concerning citizenship and family life without establishing new legal principles or broad implications.,The case applies existing case law on the impact of citizenship deprivation without establishing new legal principles or broad implications.,The case applies existing case law concerning citizenship without establishing significant new legal principles or altering existing ones.,1
001-210874,"The case primarily applies existing case law concerning the limits of freedom of expression without introducing significant contributions or new legal principles, thus demonstrating limited implications beyond the immediate dispute.",The case primarily applies existing case law on Articles 7 and 10 without introducing significant legal developments or principles.,"The case contributes significantly to the development and clarification of legal principles regarding the protection of journalistic sources and misconduct in public office, with broad implications for media law and public accountability.",1
001-220484,The case applies existing ECHR jurisprudence without establishing new legal principles or contributing significantly to broader legal implications.,The case primarily applies existing case law without significantly contributing to the development or modification of legal principles.,The case applies existing case law and does not contribute significantly to the development or modification of legal principles within ECHR jurisprudence.,1
001-207173,"The case mainly applies existing case law without establishing new legal principles or substantially modifying existing ones; thus, it has limited implications beyond the immediate dispute.","The case substantiates new perspectives on the intersection of political rights and legal standards under the ECHR, asserting the need for judicial assurances against politically motivated detention, thereby advancing the discourse around human rights protections in electoral and governmental contexts.","The case establishes important principles regarding freedom of expression for political figures and the necessity of strong justifications for pre-trial detention, contributing significantly to ECHR case law and having broad implications for political rights in member states.",1
001-160800,The case applies existing legal norms concerning the requirement for prisoners to work without establishing new legal principles or modifying existing jurisprudence.,The case applies existing case law without establishing new legal principles or having broad implications beyond the immediate dispute.,The case applies existing legal principles and does not establish new legal standards or have significant implications beyond the immediate dispute.,1
001-203825,The case applies existing legal principles without establishing new precedents or modifying the case law significantly.,The case applies established case law regarding state obligations under Article 2 without introducing new principles or significantly altering existing legal doctrine.,"This case is key because it contributes to the development of legal principles concerning state obligations to prevent and effectively investigate gender-based violence, which has significant implications for future cases beyond this specific applicant's circumstances.",1
001-187932,The case applies existing case law on fair trial rights without establishing new legal principles or having broad implications beyond the immediate dispute.,"The case clarifies and expands existing legal principles regarding the examination of witnesses and the necessary standards for judicial reasoning in upholding the right to a fair trial, impacting broader case law.",The case applies established ECHR jurisprudence without creating new legal principles or significant changes to existing ones.,1
001-209069,"The case significantly contributes to the interpretation of the principles governing extradition and the protection of human rights within the EAW framework, particularly in light of the CJEU jurisprudence on detention conditions and refugee status concerns.","This case involves significant discussions about fundamental rights and the execution of EAWs, contributing to the development of jurisprudence surrounding the presumption of equivalent protection, thus having broader implications beyond its immediate context.","The case establishes significant legal principles regarding the execution of European Arrest Warrants in light of potential human rights violations, influencing future applications of mutual recognition and fundamental rights protection.",1
001-172913,The case applies existing legal frameworks without establishing new precedents or principles concerning transgender rights.,"The case significantly contributes to the development of legal standards regarding transgender rights and personal autonomy under Article 8, establishing important principles with broad implications for future cases.","The case establishes substantial jurisprudential principles regarding the legal recognition of gender identity and bodily integrity, influencing broader human rights standards in Europe.",1
001-166680,,The case applies existing ECHR jurisprudence without introducing significant legal developments or new principles.,"The case is classified as KEY because it contributes significantly to the clarification of the standards concerning access to legal advice under exceptional circumstances, notably in terrorism-related cases.",1
001-183947,"This case establishes and clarifies essential principles regarding the balance between privacy rights and freedom of expression concerning historical criminal cases, influencing broader jurisprudence.",The case applies existing legal principles regarding privacy and freedom of expression without establishing new legal precedents or significantly modifying case law.,The case applies existing case law on issues of privacy and freedom of expression without establishing new legal principles or modifications of significant importance.,1
001-200442,"The case establishes important legal principles regarding data retention and individual privacy rights, impacting future legislation and interpretations in both national and EU contexts.",The case applies existing principles and jurisprudence without significantly contributing to the development of ECHR case law regarding privacy and data protection.,"The case contributes significantly to the development and clarification of legal protections concerning privacy and data retention, with broad implications for European privacy law and state surveillance practices.",1
001-211592,The case applies existing case law regarding domestic violence without establishing new legal principles or having broad implications beyond the immediate dispute.,"The case applies existing case law without significant contributions to legal development, demonstrating limited implications beyond the immediate dispute.",The case applies existing case law principles without making significant contributions to legal development or establishing new legal principles.,1
001-206369,"The case makes a significant contribution to the clarification of legal principles regarding the relationship between asylum status and extradition, with implications for broader human rights legal frameworks.",The case applies existing case law and principles without establishing significant new legal principles or broad implications beyond the immediate dispute.,"The case establishes significant legal principles regarding the treatment of asylum seekers, and the implications of refugee status in the context of extradition, which may influence future decisions and jurisprudence in similar cases.",1
001-162211,The case applies existing legal rules without establishing new principles or significantly modifying existing case law.,The case applies existing case law without significant contributions to legal development and does not establish new legal principles.,"The case significantly clarifies standards regarding the scrutiny of political party finances under the ECHR, establishing important legal principles on the foreseeability of law and proportionality of sanctions, impacting broader implications for democracy and political financing across Europe.",1
001-163115,"The case establishes significant considerations for interpreting the intersection of nationality laws and anti-discrimination principles under human rights law, impacting future cases and legal analysis in this area.","The case establishes significant legal principles regarding indirect discrimination and family reunion rights, affecting broader interpretations of Article 14 in conjunction with Article 8.","The case clarifies and contributes to the interpretation of anti-discrimination principles in family reunion rights under the European Convention, establishing important precedents related to nationality and ethnic origins.",1
001-203645,The cases apply existing legal frameworks regarding asylum seekers without contributing significantly to legal development or creating new legal principles.,The case primarily applies existing precedents without establishing new legal principles or substantial modification to case law.,"The case establishes significant implications for the treatment of asylum seekers and clarifies state obligations under EU law, contributing to the development of relevant human rights jurisprudence.",1
001-180486,The case applies existing case law and legal principles surrounding the duty of care for minors without establishing new legal precedents or significantly altering the interpretation of existing laws.,"The case establishes significant principles regarding the State's positive obligations to protect the rights of minors in the context of parental detention, contributing to the development of ECHR jurisprudence.",The case applies existing case law regarding state obligations towards children without significantly contributing new legal principles or broad implications beyond the immediate case.,1
001-172963,"This case examines critical issues of legal representation and conditions of detention, with potential for substantial contributions to the clarity of human rights standards in Europe, thus classifying it as a key case.","The case applies existing case law without introducing significant contributions to legal development, especially regarding the right to legal assistance under Article 6.",The case applies existing case law without significantly contributing to legal development or establishing new principles.,1
001-181273,The case applies existing case law regarding employee privacy and employer monitoring without establishing new legal principles or significantly modifying existing jurisprudence.,The case primarily applies existing case law regarding privacy in the workplace without establishing new legal principles or significant modifications of existing ones.,"This case makes a significant contribution to the jurisprudence concerning workplace privacy rights under Article 8, clarifying employer access to personal files and thus modifying existing legal principles.",1
001-181789,This case significantly contributes to the development of international human rights law by addressing the enforceability of civil claims related to torture and the boundaries of state immunity in such contexts.,The case primarily applies existing legal principles without establishing new ones or significantly altering the case law landscape.,The case reinforces existing jurisdictional principles without establishing new legal standards or significant modifications to the case law.,1
001-175121,"The case significantly contributes to the development of ECHR-related jurisprudence and EU law regarding the balance between freedom of expression and the protection of personal data, establishing critical legal principles with wide-reaching implications.",The case applies existing case law without introducing significant contributions to legal development or establishing new legal principles.,"The case applies existing legal principles without establishing new ones, mainly clarifying the balance between privacy rights and freedom of expression.",1
001-197098,The case reaffirms existing legal principles regarding employer video surveillance and employee privacy without significantly altering the legal landscape.,"The case significantly clarifies standards regarding workplace video-surveillance and sets important precedents affecting privacy rights, thereby impacting future interpretations of Article 8 of the Convention.","The case establishes important legal principles regarding employee privacy and video surveillance in workplaces, with potential implications for future cases across Europe.",1
001-184525,"The case contributes to the development of legal principles regarding property rights, due process, and the application of ECHR standards in the context of land-use planning and administrative confiscation, making it a significant landmark in legal jurisprudence.","The case establishes critical legal principles regarding the nature of penalties under Article 7 and the requirements for lawful confiscation of property, with significant implications for future jurisprudence and practice.","The case significantly advances ECHR perspectives on legality and proportionality in confiscation as a penalty, establishing principles that will influence future jurisprudence.",1
001-210078,The case concerns the specific circumstances of a single organization and does not contribute to the development of new legal principles or significantly modify existing case law.,The case establishes essential legal standards regarding bulk interception that may significantly influence future ECHR case law and national legislation on privacy and surveillance practices.,The case raises substantial legal questions concerning privacy rights and state surveillance that may lead to important developments in the jurisprudence of the ECHR regarding Article 8 and safeguards against arbitrary interference.,1
001-168066,"The case addresses fundamental issues regarding women's reproductive rights and may lead to significant changes in legal principles concerning home births in Europe, establishing broader implications beyond the immediate dispute.",The case applies existing case law regarding the balance between individual rights and public safety without substantially developing new legal principles.,The case applies existing case law on public health and rights without significant contributions to legal development.,1
001-209520,"The case establishes significant legal principles concerning the intersection of refugee rights and terrorism, impacting how EU member states may handle cases of individuals convicted of terrorism and their claims for asylum.",The case applies existing case law without introducing significant developments or new legal principles.,"The case establishes significant implications for the application of human rights law concerning the risks faced by individuals with a complex background of persecution and terrorism involvement, filling gaps in existing jurisprudence regarding the treatment of returned asylum seekers.",1
001-187391,The case applies existing legal standards concerning preventive detention without contributing new principles to ECHR jurisprudence.,"The case establishes significant clarifications on the application and interpretation of Article 5(1)(c) regarding preventive detention, reflecting its broader implications for future cases involving public order and individual liberties.",The case applies existing case law rather than establishing new principles or significantly altering the interpretation of legal norms.,1
001-186216,The case applies existing case law regarding judicial dismissal and procedural fairness but does not create new legal principles or significantly extend the scope of ECHR jurisprudence.,"The case clarifies and contributes to the understanding of judicial independence and impartiality under Article 6, with broad implications for future case law in similar contexts.","The case establishes critical principles concerning the independence and impartiality of judicial bodies, impacting broader jurisprudence related to judicial employment rights and disciplinary actions.",1
001-207953,The case applies existing legal principles without establishing new legal precedents or significantly altering jurisprudence related to child protection or adoption.,"The case establishes important clarifications regarding the procedural obligations of states in cases involving child abuse, impacting legal frameworks surrounding the protection of children's rights across Europe.",** This case contributes significantly to the clarification and enforcement of obligations regarding child protection under Article 3 of the ECHR.,1
001-180442,The case applies existing case law regarding privacy rights and anti-doping measures without establishing new legal principles or significantly modifying existing ones.,"** The case addresses fundamental human rights in the context of professional sports regulations, offering substantial contributions to the legal principles governing privacy and state intervention, with implications beyond the immediate dispute.",The case applies existing case law regarding anti-doping regulations without establishing new legal principles or significantly modifying existing ones.,1
001-177429,"The case addresses significant issues concerning conscientious objection and the compatibility of national laws with European standards, establishing principles with broad implications for similar contexts.","The case clarifies requirements for alternative civilian service and sets a precedent for how states must accommodate conscientious objectors under Article 9, thus making a significant contribution to ECHR jurisprudence.","The case establishes significant clarifications on the balance between state obligations for military service and individual rights to conscientious objection, influencing case law and practices regarding religious freedom in Europe.",1
001-182243,The case implicates significant issues regarding defendants' rights and the standards for legal representation in criminal proceedings with potential broader legal implications.,The case merely applies existing case law without making significant contributions to the development of legal principles or having broader implications beyond the immediate dispute.,The case applies established case law without making significant contributions or modifications to legal principles.,1
001-165442,The case applies existing case law concerning asylum and state protection without making significant contributions or establishing new legal principles.,The case applies existing case law without introducing new legal principles or making a significant contribution to the development of ECHR jurisprudence.,"The case significantly contributes to the development of human rights jurisprudence, particularly concerning non-refoulement obligations and the assessment of risks faced by asylum seekers based on past persecution.",1
001-218424,"The case raises significant issues regarding the treatment and legal rights of unaccompanied minors, likely leading to developments in ECHR jurisprudence surrounding their protection and the state's obligations.","The case significantly contributes to the jurisprudence surrounding the treatment of unaccompanied minors and establishes critical procedural safeguards, impacting future similar cases under the Convention.","The case establishes new legal principles regarding the treatment of unaccompanied minors in the asylum process, thus contributing significantly to the development of ECHR jurisprudence.",1
001-163113,The case establishes new principles around judicial independence and security of tenure that have broader implications for legislative practices affecting the judiciary.,"The case establishes substantial jurisprudential principles related to judicial independence and judicial review, which have broad implications for similar disputes across Europe.","The case establishes significant legal principles regarding judicial independence and access to justice, contributing to the evolution of ECHR case law with broad implications beyond the immediate case.",1
001-168972,The case revises the interpretation of 'ne bis in idem' in tax matters and establishes significant implications for future legal standards in Europe regarding criminal sanctions and tax penalties.,"The case clarifies and modifies the application of the 'ne bis in idem' principle in European human rights law, impacting how double jeopardy is assessed in cases involving both administrative and criminal proceedings.","The case establishes new legal principles related to double jeopardy within tax law, significantly modifies the existing understanding of Article 4 of Protocol No. 7, and has broad implications for future cases addressing similar legal frameworks.",1
001-208326,The case applies existing ECHR jurisprudence without establishing new legal principles or substantial modifications to existing ones.,"The judgments significantly contribute to the development of ECHR case law by establishing violations of Articles 5(3) and 18, reinforcing the standards of justification required for pre-trial detention, and highlighting unlawful motives in the judicial processes, thus having broad implications beyond the immediate cases.",This case establishes a significant precedent regarding the judicial standards for pre-trial detention and sheds light on the political motivations behind state actions against civil society activists.,1
001-203213,"The case significantly modifies interpretations of free speech in the context of political activism and discrimination, with implications extending beyond the immediate dispute.","The case establishes important principles concerning the protection of political speech and the limits of incitement under Articles 7 and 10 of the Convention, which may have broad implications beyond this specific case.","The case establishes important legal principles regarding the balance between restrictions on freedom of expression and the rights of states to enforce laws against discrimination, particularly in the context of political speech advocating boycotts for human rights reasons.",1
001-182452,The case applies existing case law regarding victim notification and procedural rights without establishing new legal principles or broad implications.,"The case significantly develops the interpretation of positive obligations under Article 8 regarding state duties to inform family members about deaths, establishing important principles that may affect future cases.","This case establishes significant legal principles regarding state obligations to protect family rights in the context of notifying relatives about deaths due to criminal acts, affecting future jurisprudence on Article 8.",1
001-170359,"The case establishes important legal precedents regarding surrogacy and the recognition of parental rights across jurisdictions, with broader implications for family law in Europe.",The case applies existing case law without significantly contributing to legal development or establishing new legal principles.,The case applies existing case law without significant contributions to legal development.,1
001-170436,The case applies existing legal principles without significantly contributing to the development of ECHR jurisprudence.,The case applies existing case law without introducing new legal principles or substantial modifications.,The case applies existing case law without establishing new legal principles or significant contributions to the development of ECHR jurisprudence.,1
001-188985,"The case establishes significant legal principles regarding the application of Sharia law versus civil law for the Muslim minority in Greece, impacting the interpretation of constitutional and international obligations.","The case establishes significant precedents concerning the discrimination faced by individuals based on religion in inheritance rights, showcasing a substantial modification of existing case law principles and broad implications beyond this individual dispute.",The case introduces significant legal principles regarding the interplay of religious law and individual rights leading to a potential for broader legal reform and influences on minority protections.,1
001-174422,"The case contributes significantly to the development and clarification of legal principles surrounding LGBTQ+ rights, freedom of expression, and anti-discrimination protections under international law.","The case significantly contributes to the jurisprudence regarding the balancing of freedom of expression and the rights of sexual minorities, establishing critical legal principles that may influence similar future cases.","This case establishes significant legal principles regarding freedom of expression and non-discrimination, with broad implications beyond the individuals involved.",1
001-178753,"The case contributes significantly to the ECHR jurisprudence on political prosecutions, highlighting the risks of misuse of power in judicial processes and the implications for human rights protections.","The case significantly clarifies the standards for proving ulterior motives behind illegal detention, impacting future interpretations under Articles 5 and 18 of the Convention.","This case develops the interpretation of Article 18 in relation to politically motivated prosecutions, establishing significant precedents for future cases.",1
001-162831,The cases apply existing legal principles concerning parliamentary discipline without establishing new doctrines or having broad implications beyond the immediate parliamentary context.,"The case establishes significant legal principles regarding the limits of parliamentary disciplinary action on freedom of expression, having broader implications beyond the immediate parties involved.","This case establishes important legal principles regarding the balance between parliamentary order and freedom of expression, particularly in relation to the rights of opposition members, which has broad implications for parliamentary governance across Europe.",1
001-175659,The case applies existing case law without establishing new legal principles or significantly modifying the law.,"The case establishes new insights into discrimination under Article 14 in conjunction with Article 8, reflecting on systemic biases in judicial reasoning that affect gender equality, thereby contributing significantly to case law.","The case significantly contributes to the understanding of discrimination under the European Convention, particularly regarding the treatment of women's rights in medical malpractice cases, illustrating the need for judicial sensitivity to gender biases.",1
001-208279,"The case establishes significant legal implications regarding military conduct in armed conflict and the protection of civilians under international law, contributing to the development of humanitarian legal standards.","This case establishes new legal principles regarding the procedural obligations of states in military contexts and clarifies the interpretation of jurisdiction under the ECHR, impacting future case law and international military operations.","The case establishes important principles regarding the procedural obligations of states under Article 2 in the context of military operations, contributing significantly to the development of ECHR jurisprudence.",1
001-165032,The case establishes significant principles regarding the treatment of detainees and the necessity of effective investigations while reinforcing the obligations of states under the ECHR.,"The case establishes important principles regarding a state's continuing obligations to investigate violations of Article 3, even post unilateral declarations, thereby contributing to the development of case law.","The case makes significant contributions to understanding state obligations under the Convention related to procedural fairness and effective investigation of rights violations, establishing important precedents.",1
001-188268,"The case establishes and clarifies the judicial standard for differentiating between active and passive members’ liability, which has substantial implications for the future application of corporate law in Slovenia.",The case applies existing case law and legal principles without making significant contributions to legal development or establishing new precedents.,The case applies existing case law concerning corporate member liability without significantly contributing to the development of legal principles.,1
001-214330,"The case significantly addresses the obligations of states under the European Convention on Human Rights regarding the treatment of deported individuals with serious mental health issues, establishing important considerations for future similar cases.",The case applies existing case law without establishing new legal principles or significant contributions to legal development.,"The case establishes important legal standards regarding the treatment of individuals with mental health issues in expulsion proceedings, contributing significantly to ECHR case law.",1
001-219943,The case applies existing legal frameworks without significantly contributing to legal principles or creating broad implications in ECHR case law.,The case applies existing case law without significant contributions to legal development.,The case applies existing legal principles without establishing new ones or significantly contributing to legal development.,1
001-213908,The case applies existing law regarding the rights of prisoners without establishing new legal principles or significantly altering case law.,The case applies existing case law without making significant contributions or establishing new legal principles regarding prisoners' rights and unionization.,The case applies existing case law regarding the limitations of inmate rights under Article 11 without establishing significant new legal principles.,1
001-177299,The case applies existing legal principles without significant contributions to legal development or broad implications beyond the immediate dispute.,The case establishes significant clarifications regarding the intersection of national security and fair trial rights under Article 6 of the Convention.,The case applies existing legal principles regarding national security and judicial review without significant development or new legal frameworks.,1
001-187188,The case primarily applies existing jurisprudence on the balance between religious freedom and freedom of expression without establishing new legal principles.,This case primarily applies existing principles of ECHR jurisprudence regarding freedom of expression while maintaining respect for religious peace without introducing significant new legal concepts or precedent.,"This case makes significant contributions to the understanding and application of the balance between freedom of expression and the protection of religious feelings, setting a precedent for future cases involving religious criticism and public discourse.",1
001-169053,The case applies existing legal principles without establishing new legal precedents or significantly altering existing jurisprudence.,The case applies existing case law concerning fair trial rights without establishing new legal principles or making significant contributions to legal development.,The case applies existing case law without significant contributions to legal development.,1
001-189641,The case applies existing case law to a specific situation without making significant contributions to the development of legal principles.,The case applies existing ECHR jurisprudence without establishing new legal principles or altering the interpretation of established rights.,"The case significantly develops ECHR jurisprudence concerning the balance between individual rights and state obligations, particularly in the context of family law and genetic testing.",1
001-170663,The case applies existing case law and does not significantly contribute to legal development or establish new principles.,The case applies existing case law to assess alleged discrimination without presenting significant legal developments or establishing new principles.,"The case makes a significant contribution to human rights law by addressing the legal standards related to gender and age discrimination in sentencing, which could influence future jurisprudence and legislation in Europe.",1
001-194618,The case applies existing case law without creating new legal principles or modifying existing ones.,"The case establishes important legal principles regarding the procedural obligations of states under Article 2 of the Convention in the context of executing European arrest warrants, impacting future jurisprudence on transnational cooperation in criminal cases.","The case establishes and clarifies legal principles regarding the procedural obligations of states under the ECHR in the context of the European Arrest Warrant, thus contributing significantly to the development of human rights jurisprudence.",1
001-186828,Both cases apply existing principles of sports law and arbitration without establishing significant new legal precedents.,"The case contributes significantly to the development of the interpretation of Article 6 regarding arbitral tribunals, illustrating how existing protections can apply within the realm of sports arbitration, thus establishing broader implications for future cases involving similar legal questions.","The case establishes critical legal principles regarding the independence and impartiality required in arbitration, particularly in sports contexts, and highlights the necessity of public hearings, thus contributing significantly to the development of ECHR jurisprudence.",1
001-209373,The case applies existing legal principles regarding amnesty and enforcement of criminal sentences without establishing new legal doctrines or having broader implications for ECHR jurisprudence.,"The case contributes to the development of case law regarding State obligations to enforce sentences for serious crimes, clarifying the positive obligations under Articles 3 and 8 of the Convention.","The case establishes significant legal principles regarding state obligations to enforce justice in serious crimes, particularly sexual assault, contributing to the broader framework of human rights protections.",1
001-187540,"The case establishes new legal principles and has broad implications for the standards of preventive detention and individual rights in Germany, particularly for juvenile offenders.","The case establishes significant principles regarding preventive detention and Articles 5 and 7 of the Convention, contributing to the development of ECHR jurisprudence.","The case significantly clarifies the legal framework concerning preventive detention and mental health under ECHR law, having broader implications for similar cases, particularly in relation to Articles 5 and 7 of the Convention.",1
001-177082,The case primarily applies existing case law concerning workplace privacy without making significant contributions or establishing new principles in ECHR jurisprudence.,"The case clarifies the requirements for employer monitoring of employees’ communications and contributes to the legal framework concerning privacy rights within the employment context, establishing necessary legal guidelines for future cases.","The case establishes crucial legal principles on the balance between employee privacy and employer monitoring rights, with significant implications for legislative standards across member states.",1
001-172701,"This case contributes significantly to the understanding and enforcement of labor rights and trafficking laws in the context of migrant workers, establishing precedents that could influence future cases and legal interpretations.","The case establishes significant legal principles concerning the interpretation of forced labor and human trafficking, with broad implications for state obligations under the ECHR.","The case makes significant contributions to the understanding and application of Article 4 of the ECHR concerning forced labour and human trafficking, establishing critical precedents regarding State obligations toward victims in such contexts.",1
001-169663,The case applies existing case law without significant contributions to legal development and demonstrates limited implications beyond the applicant's immediate dispute.,The case establishes important legal principles concerning social security and property rights that have broad implications for ECHR jurisprudence on personal entitlements and legitimate expectations in social welfare systems.,"This case establishes significant new legal principles concerning the rights of individuals under social security systems and the doctrine of legitimate expectations, with broader implications for similar disputes across Europe.",1
001-173805,The case establishes significant legal principles regarding voter standing in electoral disputes and raises critical questions about electoral integrity and human rights protections in Russia.,"The case establishes significant principles regarding domestic remedies for electoral rights and the requirements for transparency and scrutiny in election processes, marking a substantial contribution to ECHR case law.",The case establishes new legal principles regarding voters' rights to challenge electoral results and emphasizes the necessity for effective review mechanisms in electoral disputes.,1
001-187605,This case contributes to the clarification and potential modification of ECHR jurisprudence on the right to assembly and the balance with administrative law enforcement in politically sensitive contexts.,"The case provides significant legal insights into the balance between state obligations and individual rights regarding freedom of assembly, highlighting systemic issues which have broader implications for future ECHR jurisprudence.","The case makes a significant contribution to the interpretation of ECHR rights regarding freedom of assembly and highlights systemic issues within Russian law, establishing new legal principles relevant to political dissent and public activism.",1
001-177406,"The case applies existing legal principles and frameworks without establishing new interpretations, thus lacking broader implications beyond the parties involved.",The case primarily applies existing case law without establishing new legal principles or contributing significantly to legal development.,The case applies existing case law without significant contributions to legal development.,1
001-169662,The case develops legal principles concerning the treatment of seriously ill aliens facing deportation and has broad implications for the application of human rights standards in immigration law.,"The case contributes to significant developments in assessing the rights of seriously ill individuals facing expulsion, potentially modifying existing legal standards established in prior jurisprudence.","The case establishes new legal principles regarding the expulsion of seriously ill individuals and clarifies the obligations of States under Articles 3 and 8, thus altering the existing interpretation of human rights protections in such contexts.",1
001-200344,"The case contributes to the legal discourse regarding the interpretation of hate speech laws and the treatment of LGBTQ rights in Lithuania, which has broader implications beyond just this case.","The case establishes important legal principles regarding discrimination based on sexual orientation and the effective protection of rights under the Convention, influencing future jurisprudence.","This case establishes important legal principles regarding states' obligations to investigate hate speech incidents, especially against sexual minorities, thus having broad implications for anti-discrimination law in Europe.",1
001-175180,The case applies existing case law on defamation and freedom of expression without establishing new legal principles or having broad implications beyond the immediate dispute.,The case applies existing ECHR principles regarding freedom of expression and defamation without making significant contributions to legal development or establishing new legal principles.,The case applies existing case law without significant contributions to legal development.,1
001-164928,The case applies existing legal principles without establishing new ones or significantly altering the law.,"This case contributes to clarifying the standards required for justifying continued detention under Article 5, establishing legal principles with implications for a wider jurisprudence.","The case contributes significantly to the development of ECHR jurisprudence concerning the grounds for pre-trial detention and underscores the necessity for concrete justifications, impacting future case law on liberty rights under the Convention.",1
001-191587,"The case establishes significant implications for the protection of unaccompanied minors and state responsibilities regarding migrant welfare, contributing to the development of legal principles in this area.","The case develops significant legal principles regarding State obligations to protect unaccompanied minors, highlighting systemic failures and potential modifications of existing jurisprudence under Article 3.","The case establishes critical principles regarding state obligations to protect unaccompanied minors and reinforces the threshold of state responsibility under Article 3 for the treatment of vulnerable individuals, thus making a significant contribution to the development of case law.",1
001-203840,"The cases establish crucial implications for the rights of asylum seekers and clarify states' obligations under international law, addressing systemic issues related to the treatment of refugees and the guarantees of non-refoulement.",The case significantly clarifies the obligations of states concerning asylum seekers and establishes important legal principles regarding jurisdiction and international protection rights.,"The case addresses significant systemic issues regarding asylum procedures and non-refoulement, which have broad implications for EU law and human rights protections.",1
001-181591,The case applies existing legal principles regarding adverse possession without making significant contributions to the development of ECHR jurisprudence.,The case primarily applies existing legal principles without establishing new legal precedents or contributing significantly to the development of ECHR jurisprudence.,"The case makes a significant contribution to the interpretation of property rights under adverse possession within the framework of the Convention, influencing legal principles and practices beyond the immediate dispute.",1
001-219333,The case significantly contributes to the development of legal principles regarding the repatriation of nationals and the state's obligations to protect them abroad in the context of human rights law.,"This case significantly modifies the understanding of Article 3 2 of Protocol No. 4 by establishing explicit positive obligations for States regarding the repatriation of their nationals in exceptional circumstances, thereby contributing to the development of ECHR jurisprudence.","The case establishes new legal principles regarding the positive obligations of States under the ECHR to ensure repatriation and protection of nationals in humanitarian crises, thus contributing significantly to human rights jurisprudence.",1
001-201353,"The case has broad implications for the treatment of migrants and the legal obligations of states at external EU borders, possibly altering existing jurisprudence related to human rights protections in such contexts.",The case applies existing case law regarding expulsion procedures and does not establish significant new legal principles.,"The case establishes new legal principles regarding the interpretation of collective expulsion in border control contexts, with broad implications for migration policy and human rights within the EU framework.",1
001-201646,The cases rely on existing legal frameworks and do not contribute significantly to the development of ECHR jurisprudence.,"The case establishes significant legal principles regarding the state's obligations to provide adequate living conditions for disadvantaged communities, particularly in their context under Articles 3, 8, and 14, with implications for future cases involving social welfare and rights for marginalized groups.",The case applies existing case law on the rights of marginalized communities without making significant contributions or establishing new legal principles.,1
001-202621,"The case presents significant implications and challenges related to the protection of witnesses under threat, which are likely to influence future legal frameworks and state obligations on this matter within the European context.",The case applies existing case law without making significant contributions to legal development.,"The case contributes significantly to ECHR jurisprudence concerning the state's obligation to provide effective witness protection, thereby establishing important legal principles relevant beyond the immediate case.",1
001-214433,"The case establishes significant legal principles concerning child welfare balancing parental rights and cultural considerations, impacting future custody and adoption laws.","The case significantly develops existing jurisprudence surrounding the balance between parental rights and child welfare, particularly with regard to cultural and religious identity.","The case establishes important precedents regarding the balance of interests between child welfare and parental rights in minority contexts, impacting future jurisprudence in similar situations.",1
001-205222,The case applies existing discrimination and employment law without establishing new legal principles or clarifications relevant beyond the immediate context.,The case applies established case law on discrimination without significantly modifying legal principles or creating new precedents.,The case applies established legal principles regarding discrimination related to pregnancy without making significant contributions to legal development or setting new precedents.,1
001-161829,"The case applies existing case law and does not significantly contribute to the development or modification of legal principles, demonstrating limited implications beyond the immediate dispute.","The case establishes important principles regarding the obligations of national authorities in assessing risks of return for asylum seekers based on credible threats of persecution, particularly in relation to religious belief.","The case establishes new legal principles regarding the treatment of asylum applicants with sur place conversions and clarifies the obligation of states to assess individual risk factors in asylum proceedings, significantly impacting future asylum law interpretations.",1
001-210077,"The case makes a significant contribution to the interpretation of the rights of individuals under the ECHR concerning surveillance practices, establishing important precedents for privacy and oversight in national security contexts.","The case establishes new legal principles regarding state surveillance and privacy rights, revealing significant deficiencies in existing law and broad implications for future case law.","The case establishes new legal principles regarding the necessity and scope of safeguards in bulk interception regimes and the protection of individual rights, particularly in the context of evolving communication technologies and international intelligence sharing.",1
001-205536,The case applies existing case law regarding evidence admissibility without significant contributions to legal development.,The case applies existing jurisprudence regarding evidence obtained through ill-treatment and does not establish new legal principles or significantly modify current case law.,"The case significantly clarifies the relationship between evidence obtained from individuals subjected to ill-treatment and the right to a fair trial, establishing important precedents regarding the inadmissibility of such evidence in criminal proceedings.",1
001-211125,The case applies existing legal principles concerning the continuity of judicial status after systemic reform without establishing new legal precedents.,"The case establishes important legal principles concerning judicial independence and the application of rights concerning access to courts for judges, thereby having broader implications beyond the immediate case.","This case significantly contributes to the development of ECHR jurisprudence on judicial independence and access to justice, establishing key legal principles impacting judges' rights across Europe.",1
001-177349,"The case addresses fundamental issues of journalistic source protection and implicates broader principles of media freedom, suggesting a significant contribution to the development of case law in this area.","The case makes significant contributions to the development of legal principles concerning the protection of journalistic sources under Article 10 of the Convention, with broad implications for future cases.",The case significantly clarifies the legal principles regarding journalistic source protection under the European Convention and has broader implications for how courts may handle conflicts between press freedoms and judicial obligations.,1
001-172327,"Establishes important considerations on how hate crimes relate to indirect victims alongside direct victims, contributing to the development of hate crime jurisprudence and the interpretation of related laws.","The case establishes important clarifications regarding the state's obligations to investigate racially motivated violence, affecting future interpretations and applications of Articles 3 and 14.","The case contributes significantly to the clarification of hate crime jurisprudence under the ECHR, emphasizing the obligations of state authorities to investigate racially motivated violence comprehensively, even against non-minority individuals associated with minorities.",1
001-202532,The case involves the application of existing jurisprudence without establishing new legal principles or having broad implications beyond the individual dispute.,,"The case clarifies and potentially modifies legal principles regarding the presumption of innocence and the fairness of civil proceedings linked to past criminal allegations, with broader implications in ECHR jurisprudence.",1
001-207360,"The case addresses critical issues of hate crime prosecution and interpretation of the ne bis in idem principle, potentially establishing new standards for the investigation and prosecution of such offenses across Europe.","The case makes a significant contribution to the clarification of state obligations in relation to investigations of hate crimes and aligns with evolving standards for protection against discriminatory violence, establishing important precedents in human rights law.","This case establishes significant legal principles regarding the State's procedural obligations to investigate hate crimes motivated by sexual orientation, marking a substantial development in ECHR jurisprudence.",1
001-181821,The case applies existing case law regarding civil procedure and representation without making significant contributions to the legal framework.,The case applies established principles of ECHR jurisprudence without significant contribution to the development or modification of case law.,The case reinforces existing case law regarding the application of procedural rules without establishing new legal principles.,1
001-202524,The case establishes significant issues regarding the application of international law and state obligations in the context of violence motivated by ethnic conflict and could modify how international agreements on prisoner transfer are interpreted and enforced.,"This case provides significant contributions to human rights law, particularly regarding state responsibility in violent crimes across borders and the implications of pardoning actions in ethnic contexts, which could impact future jurisprudence.","The case contributes significantly to ECHR jurisprudence concerning state responsibility, ethnic discrimination, and the procedural obligations to safeguard life, marking it as a landmark case with broader implications.",1
001-218933,The case applies existing case law without significant contributions to legal development or broad implications beyond the immediate dispute.,"The case establishes new legal principles regarding state obligations to protect individuals from harassment, with significant implications for broader societal norms and legal standards.","The case establishes important legal principles regarding the obligations of states to effectively protect individuals from sexual harassment in the workplace, significantly impacting future jurisprudence and the treatment of such claims.",1
001-192210,The case applies existing legal standards regarding prisoners' rights without making significant contributions to the development of case law.,The case primarily applies existing case law surrounding right to confidentiality and fairness in legal proceedings without establishing new legal principles.,"The case establishes new legal principles regarding the confidentiality of lawyer-client communication for prisoners, affecting broader interpretations of ECHR rights.",1
001-162697,"This case has substantial implications for the understanding and application of religious freedoms in a multicultural context, establishing essential legal principles regarding state neutrality and the treatment of minority faiths.","The case establishes crucial legal principles for the recognition and treatment of minority religions, influencing state obligations under Article 9 of the Convention, making detailed contributions to ECHR jurisprudence.","This case establishes significant legal principles regarding the recognition of minority religious practices and the state's obligation to ensure non-discrimination in public religious services, with broad implications beyond the immediate case.",1
001-185306,The case primarily applies existing legal principles regarding language rights in proceedings without establishing new legal precedents or broad implications beyond the specific situation of the applicant.,"This case establishes clear requirements for assessing a defendant's language proficiency in criminal proceedings, contributing significantly to the development of case law regarding language rights and fair trial standards under Article 6 of the Convention.","The case establishes crucial principles regarding the necessity for states to verify defendants' language skills in criminal proceedings, thereby contributing significantly to the jurisprudence surrounding the right to a fair trial under Article 6 of the Convention.",1
001-171804,The case primarily applies existing legal standards and clarifications regarding preventive measures without establishing new significant legal principles.,"The case establishes a violation of Article 2 of Protocol No. 4 based on insufficient foreseeability in the law concerning preventive measures, contributing to the development of legal principles and procedural safeguards in similar cases.",The case applies existing case law without significantly contributing to legal development or establishing new principles.,1
001-179219,"This case contributes significantly to the development of legal principles concerning the balance of judicial authority, secularism, and religious expression within the framework of European human rights law.","The case makes a significant contribution to the interpretation of Article 9 ECHR regarding religious expression and underscores the need for justifications in limiting such expressions, establishing broader implications for future cases on religious freedoms.",The case makes a significant contribution to the interpretation of Article 9 concerning the limits on religious expression in judicial contexts and clarifies the balance between individual rights and state interests.,1
001-201342,The case applies existing case law and principles regarding domestic violence without contributing new interpretations or legal standards.,The case applies existing standards and principles without introducing significant legal modifications or new precedents.,"The case significantly develops the legal understanding of state obligations in protecting victims of domestic violence and the importance of thorough investigations, potentially leading to systemic changes in legal practice.",1
001-164515,"The case is likely to establish new legal principles regarding the interplay between UN sanctions and procedural rights, impacting future jurisprudence on human rights standards in international law.","The case establishes significant legal principles regarding the relationship between UN Security Council resolutions and the European Convention on Human Rights, deepening the ECHR's jurisprudence on access to justice and judicial oversight.","The case establishes important principles regarding the interplay between international obligations and human rights protections, significantly clarifying the standards for judicial scrutiny in such contexts.",1
001-161530,The case applies existing legal provisions without significantly contributing to legal development or establishing new principles.,"The case contributes significantly to the development of human rights jurisprudence concerning discrimination related to disability and tax legislation, establishing new interpretations of existing legal principles.","The case establishes significant principles regarding the recognition of disability-related needs in tax legislation, influencing future case law and administrative practices.",1
001-175646,The case establishes important principles regarding the necessity of personal hearings in appellate proceedings and emphasizes broader implications for the treatment of defendants with diminished capacity.,The case largely applies existing jurisprudence and domestic law without significant contributions to the development or clarification of ECHR standards.,"The case establishes significant jurisprudential principles regarding the necessity of personal hearings in criminal appeals and the obligations of national courts in executing ECHR judgments, thereby influencing broader domestic reforms and legal precedents.",1
001-159762,"The case significantly develops jurisprudence related to the balance of state power versus individual rights to peaceably assemble and protest, impacting future interpretations of the ECHR.","The case establishes significant legal principles about the state's obligations in regulating public assemblies, contributing profoundly to the interpretation of Article 11 of the Convention and influencing future jurisprudence in this area.","The case establishes new legal implications and clarifications of the obligations of State authorities in relation to the right to peaceful assembly, substantially modifying existing interpretations.",1
001-220960,The case applies existing law without establishing new legal principles or significantly contributing to legal development.,"This case establishes a significant interpretation of existing ECHR principles regarding life sentences and prisoner transfers, impacting future jurisprudence and ensuring compliance with human rights standards across different legal contexts.","The case significantly contributes to existing jurisprudence regarding irreducible life sentences under ECHR, thus establishing precedent with broad implications for the treatment of life sentences across member states.",1
001-204603,The case applies existing case law related to police negligence and firearms licensing without establishing new legal principles or significantly altering existing ones.,"The case establishes new legal principles concerning the State's positive obligations to prevent threats to life, thereby making a significant contribution to the development of ECHR jurisprudence.","The case makes a significant contribution to the interpretation and application of state obligations under Article 2, confirming the need for proactive measures in preventing known threats to life, which has broad implications beyond the specific case.",1
001-161822,"The case introduces significant legal principles regarding the treatment of minors, particularly concerning due process and the standard of care required in juvenile detention facilities, with wide implications for Russian juvenile justice.","The case significantly alters the understanding of children's procedural rights in legal systems, establishing new legal principles that will affect future cases.","The case establishes significant legal principles regarding the rights of minors in detention, particularly in the context of fair trial rights and the provision of adequate medical care, which have broad implications for the treatment of juveniles in the justice system.",1
001-194307,The case applies existing case law without introducing significant legal principles or broad implications beyond the specific circumstances of the accident.,The case applies existing ECHR jurisprudence without establishing or modifying significant legal principles.,"The case makes a significant contribution to how procedural obligations under the European Convention are understood, particularly with the interplay of Articles 2, 6, and 13 regarding state responsibilities and victims’ rights in the context of traffic-related injuries and criminal investigations.",1
001-207633,The case applies existing case law regarding employment and discrimination without contributing new legal principles or significant modifications.,"The case establishes significant principles regarding discrimination against pregnant women, particularly in the context of employment, and highlights the necessity for objective justification for differential treatment, contributing broadly to ECHR jurisprudence.","The case establishes important principles related to discrimination on grounds of sex, with significant implications for women's employment rights and the treatment of pregnant women.",1
001-210363,The case applies existing legal principles on preventive confinement without significant contributions to legal development.,The case applies existing legal principles without establishing new ones or substantially modifying the existing legal framework of compulsory confinement under the ECHR.,This case significantly clarifies the standards for lawful detention under Article 5 concerning mental health and potentially establishes important precedents for future cases regarding compulsory confinement in light of changed legal standards.,1
001-179556,The case makes a significant contribution to the development of medical negligence jurisprudence and clarifies standards of care and accountability in the healthcare system.,"This case clarifies the standards for procedural obligations under Article 2 in health care and the distinction between medical negligence and systemic failures, influencing future jurisprudence.",The case constitutes a key judicial decision that clarifies substantive and procedural obligations under Article 2 and sets a precedent for future cases of medical negligence and state compliance.,1
001-186767,The case applies existing case law concerning economic rights without significant contributions to legal development.,"The case establishes new interpretations of possessions under Article 1 of Protocol No. 1 and addresses the balance between state actions and economic rights, impacting future case law.",The case establishes significant precedents concerning property rights under Article 1 of Protocol No. 1 and addresses the overarching standards for governmental monopolistic practices and the necessary protections afforded to business operators.,1
001-187930,The case establishes significant principles regarding media liability for disseminated statements and could influence future interpretations of the balance between freedom of expression and protection of reputation in media law.,"This case makes a significant contribution to the development of case law concerning freedom of expression and internet liability, establishing the need for a nuanced approach to the legal responsibilities associated with hyperlinking.","The case establishes new legal principles regarding the liability of online news portals for hyperlinking, differentiating their responsibilities from traditional media and significantly impacting freedom of expression in the digital age.",1
001-213827,The case applies existing case law on personal data protection without establishing new legal principles or substantial modifications.,"The case clarifies the balance between freedom of expression and the right to privacy in relation to online content, establishing principles that will have broad implications for future cases.",The case applies existing legal principles regarding freedom of expression and reputation protection without establishing new legal standards or significantly altering current jurisprudence.,1
001-198811,The case primarily applies existing case law without making significant contributions to legal development or establishing new principles.,"The case establishes critical legal principles regarding the treatment of asylum-seekers and the necessity for lawful detention procedures, with broad implications for ECHR jurisprudence.","The case establishes significant legal principles regarding the detention conditions and rights of asylum seekers, contributing to the development of ECHR jurisprudence.",1
001-191276,"This case establishes significant legal principles regarding the compatibility of counter-terrorism powers with human rights law, influencing broader case law and legislative practices beyond the specific case at hand.",This case applies and clarifies existing case law regarding Article 8 without establishing new legal principles; the implications are limited to the specifics of the Schedule 7 powers.,"This case significantly contributes to the development of legal principles concerning the balance of state authority in counter-terrorism efforts and individual rights under ECHR, especially concerning the adequacy of safeguards against abuse of police powers.",1
001-169054,The case primarily applies existing case law and legislative frameworks without establishing significant new legal principles.,"The case significantly impacts the interpretation of judicial rights regarding property restitution and legal certainty under the ECHR, establishing important principles for future similar cases.","The case establishes significant legal principles regarding access to justice and the interpretation of property rights in the context of religious discrimination and historical injustices, thus having broader implications beyond the immediate dispute.",1
001-203165,The case primarily applies existing law without significant contributions to legal development or broader implications beyond the immediate dispute.,"The case establishes significant principles regarding the negative aspect of religious freedom and its implications in civil documentation, contributing broadly to ECHR jurisprudence.","The case establishes significant principles regarding the intersection of personal beliefs and state documentation processes under Article 9 of the Convention, thus contributing to the development of ECHR jurisprudence.",1
001-170388,The case addresses significant jurisdictional issues related to human trafficking and has the potential to clarify state responsibilities under both domestic and international law in protecting victims of such violations.,The case applies existing case law concerning human trafficking and forced labor without establishing new legal principles or significantly altering existing jurisprudence.,The case applies existing principles of human rights law without significantly contributing to the development or modification of the case law surrounding human trafficking and forced labor.,1
001-175667,"The case establishes significant legal principles regarding the balance between state secrecy and fair trial rights under the ECHR, with broad implications for future cases.","The case establishes important precedents regarding the balance between national security and fair trial rights, potentially influencing future jurisprudence.","The case highlights essential legal principles concerning the intersection of national security and the right to a fair trial, significantly contributing to the development of Article 6 jurisprudence.",1
001-181866,"The case has significant implications for freedom of expression and judicial compliance with constitutional norms under emergency powers, potentially shaping future jurisprudence.","This case establishes new legal principles about the balance of state security and individual rights, particularly concerning the limits of pre-trial detention and freedom of expression during states of emergency, thereby having broad implications beyond the immediate case.","The case significantly clarifies the standards for pre-trial detention and freedom of expression, establishing essential legal principles that address systemic issues within Turkey's handling of such rights.",1
001-201646,The case applies existing case law regarding human rights without contributing significantly to the development of new legal principles or doctrines.,"While the case addresses important human rights issues, it predominantly applies existing case law without significant contributions to legal development.","The case establishes significant legal principles concerning the state's positive obligations to ensure access to basic utilities for marginalized communities, impacting future cases and interpretations of human rights law.",1
001-219333,The case is significant as it potentially establishes new legal principles regarding state obligations to repatriate nationals detained in conflict zones under human rights law.,"The case significantly contributes to the clarity and application of human rights obligations regarding the repatriation of nationals, establishing precedents for future applications of the law.","The case significantly develops the understanding of State obligations under the ECHR regarding the repatriation of nationals from conflict zones, especially in light of humanitarian concerns, thus contributing to ECHR jurisprudence.",1
001-189781,The case applies existing case law regarding the effectiveness of investigations without establishing new legal principles or significant contributions to legal development.,"The case establishes significant legal principles concerning state duties to cooperate in transnational investigations under Article 2, thereby modifying existing obligations and expanding the understanding of jurisdictional links in human rights law.",The case establishes new legal principles on state obligations to investigate crimes effectively across jurisdictional boundaries and emphasizes cooperative duties in human rights protection.,1
001-197253,The case applies existing legal principles without contributing significantly to the development of case law or establishing new legal standards.,"The case primarily applies existing jurisprudence regarding the effectiveness of domestic remedies, without establishing new legal principles or significant implications beyond the immediate case.",The case applies existing case law on conditions of detention and does not establish new legal principles or significant contributions to legal development.,1
001-219067,The case primarily applies existing case law regarding the state's obligations toward victims of crime without significantly contributing to new legal principles or guidance.,"The case significantly contributes to the development of principles regarding state obligations in protecting vulnerable individuals from violence and discrimination, with broader implications for similar cases involving marginalized communities.","The case establishes new legal principles regarding the intersection of gender-based violence and discrimination based on ethnicity, highlighting systemic issues in the protection of vulnerable victims under the ECHR.",1
001-170054,"The case presents significant implications for the legal frameworks governing the treatment of migrants and their rights, indicating a potential development of case law.","The case establishes new legal principles regarding individualized assessments in expulsion procedures, confirming the requirements under Article 4 of Protocol No. 4 regarding collective expulsions, thereby having broad implications for the treatment of migrants under convention rights.","The case establishes important principles regarding the treatment of irregular migrants, highlighting violations of rights that have broader implications for state practices in similar contexts.",1
001-207757,"The case may establish new principles concerning state responsibility under the ECHR in the context of armed conflicts, particularly related to effective control and jurisdiction, which could influence future ECHR jurisprudence.",The case advances significant legal principles regarding state responsibility for human rights violations during armed conflict and the interpretation of extraterritorial jurisdiction under the Convention.,"The case establishes significant legal principles regarding state responsibility and the application of human rights law during armed conflicts, thus having broad implications beyond the immediate dispute.",1
001-193494,"The case addresses significant issues related to due process, access to evidence, and judicial impartiality, which may establish new legal principles influencing future financial crime cases.","The case establishes significant legal principles on judicial impartiality and procedural fairness, influencing broader interpretations of Article 6 rights in future cases.",The case establishes new implications for the assessment of judicial impartiality in relation to familial and professional ties in financial criminal cases.,1
001-189426,"The case develops significant legal principles regarding the duty of psychiatric hospitals to monitor voluntarily admitted patients at risk of suicide, impacting future interpretations of mental health care standards.",The case applies existing legal principles concerning the right to life and procedural safeguards under Article 2 without establishing significant new jurisprudential guidelines.,"The case establishes substantial legal principles concerning state obligations to protect the lives of voluntary psychiatric patients, thus contributing significantly to the development of the law.",1
001-162614,The case primarily applies existing legal frameworks without significant contributions to the jurisprudence of the European Court of Human Rights.,"The case establishes significant principles related to the treatment of mentally ill prisoners, clarifying obligations under Article 3 regarding the reducibility of life sentences and the provision of adequate medical care.","The case establishes new legal principles concerning the treatment and rehabilitation requirements for life prisoners, significantly impacting future jurisprudence on life sentences in Europe.",1
001-200657,"The case significantly contributes to the development of legal principles concerning electoral rights and freedom of expression in the context of digital engagement, establishing precedents for future interpretations of electoral conduct.","It establishes significant legal principles regarding freedom of expression and electoral law, with potential implications for future cases within the ECHR context.",The case establishes significant principles regarding freedom of expression in electoral contexts and clarifies the limits of state regulation under Article 10 of the Convention.,1
001-204993,The case applies existing educational regulations and does not introduce new legal principles or significant jurisprudential developments.,The case applies existing case law on discrimination without introducing significant new legal principles or broad implications.,The case applies existing ECHR principles without establishing new legal principles or significant modifications to case law.,1
001-203169,The case applies existing defamation law without significantly contributing to the development or clarification of legal principles in the context of freedom of expression.,"The case establishes new principles regarding the balance between freedom of expression and protection of reputation in criminal proceedings, thereby contributing significantly to ECHR jurisprudence.","The case significantly contributes to the development of the legal principles regarding the balance between freedom of expression and the right to defend oneself in legal proceedings, establishing important precedents in ECHR jurisprudence.",1
001-170347,"It establishes important principles regarding the reviewability and justification of whole life sentences, thereby contributing significantly to ECHR case law concerning life imprisonment.","The case provides significant clarification and development regarding the interpretation of whole life sentences under Article 3, thereby establishing new legal principles with broad implications for the treatment of life prisoners.","The case clarifies and modifies significant legal principles regarding whole life sentencing and its compatibility with Article 3, contributing to ECHR jurisprudence with broad implications beyond this individual case.",1
001-176769,"The case raises significant issues of discrimination and equal treatment under law, with implications that extend beyond the individual dispute, potentially impacting pension regulation and rights across Europe.",The case applies existing case law without significant contributions to legal development.,The case applies existing case law without introducing significant new legal principles or broad implications beyond the immediate dispute.,1
001-206582,"The case establishes critical legal principles related to judicial independence and procedural requirements for judicial appointments, with broad implications for the integrity of the judiciary in Iceland and potentially beyond.","The case establishes significant clarifications regarding the requirements for judicial appointments under Article 6, impacting broader legal standards for member states.","The case establishes significant legal principles regarding judicial independence and the requirements for a tribunal to be ""established by law,"" with broad implications for judicial systems globally.",1
001-203503,The case applies existing case law regarding coercion in prostitution without establishing new legal principles or broad implications beyond the immediate facts.,The case clarifies procedural obligations in instances of human trafficking and sets important legal principles for the obligations of states to investigate such claims effectively.,,1
001-208877,The case establishes important principles regarding police conduct and operational protocols that may significantly influence future law enforcement practices.,The case applies established principles concerning investigations under Article 2 without introducing significant changes to the existing legal framework or establishing new legal principles.,"This case establishes crucial procedural obligations for state authorities when planning potentially lethal operations and addresses failures in their execution, contributing significantly to the interpretation of Article 2 of the Convention.",1
001-192616,The case primarily applies existing legal frameworks regarding escorted leave for prisoners and does not establish new principles or significant modifications to existing case law.,The case applies established case law without introducing significant contributions or new principles.,"The case applies existing case law without introducing significant contributions or establishing new legal principles, focusing solely on balancing rights in a specific context related to the applicant's circumstances.",1
001-187802,"The case makes significant contributions to the development and clarification of legal principles regarding the right to a fair trial and legal representation, with implications beyond the immediate case.","This case significantly clarifies and develops the jurisprudence surrounding access to legal representation, establishing essential criteria for the assessment of fair trial rights in the context of systemic restrictions on legal assistance.","The case clarifies and reinforces existing ECHR jurisprudence regarding the right to access legal assistance, highlighting systemic deficiencies and their implications for fair trial standards, making a significant contribution to the interpretation of Article 6.",1
