date,file_path
2023-11-28,001-229130.json
2023-11-28,001-229126.json
2023-07-18,001-225879.json
2023-07-13,001-225773.json
2023-07-11,001-225761.json
2023-07-11,001-225762.json
2023-06-20,001-225320.json
2023-06-15,001-225228.json
2023-06-13,001-225220.json
2023-06-13,001-225438.json
2023-06-13,001-225223.json
2023-06-08,001-225042.json
2023-06-08,001-225037.json
2023-05-30,001-224963.json
2023-04-11,001-224075.json
2023-03-23,001-223656.json
2023-03-02,001-223283.json
2023-03-02,001-223292.json
2023-02-28,001-223271.json
2023-02-21,001-223107.json
2023-02-16,001-223024.json
2023-02-07,001-222870.json
2023-02-02,001-222789.json
2023-01-31,001-222783.json
2023-01-24,001-222651.json
2023-01-19,001-222413.json
2023-01-19,001-222409.json
2023-01-12,001-222137.json
2022-12-20,001-221835.json
2022-12-20,001-221836.json
2022-12-15,001-221525.json
2022-12-06,001-221251.json
2022-12-06,001-221261.json
2022-12-01,001-221439.json
2022-11-29,001-221436.json
2022-11-29,001-221369.json
2022-11-17,001-220890.json
2022-11-17,001-220867.json
2022-11-17,001-220892.json
2022-11-15,001-220887.json
2022-11-15,001-220885.json
2022-11-10,001-220537.json
2022-11-10,001-220713.json
2022-11-08,001-220665.json
2022-11-08,001-220711.json
2022-11-08,001-220712.json
2022-11-08,001-220709.json
2022-10-25,001-220184.json
2022-10-20,001-219985.json
2022-10-20,001-220013.json
2022-10-18,001-219982.json
2022-10-18,001-219944.json
2022-10-11,001-219640.json
2022-10-11,001-219642.json
2022-10-11,001-219641.json
2022-10-11,001-219645.json
2022-10-06,001-219786.json
2022-10-04,001-219773.json
2022-10-04,001-219562.json
2022-10-04,001-219462.json
2022-09-27,001-219755.json
2022-09-20,001-219210.json
2022-09-20,001-219209.json
2022-09-20,001-219203.json
2022-09-15,001-219199.json
2022-09-15,001-219194.json
2022-09-15,001-219200.json
2022-09-15,001-219197.json
2022-09-15,001-219102.json
2022-09-15,001-219195.json
2022-09-13,001-219097.json
2022-09-13,001-219096.json
2022-09-08,001-219070.json
2022-09-08,001-219068.json
2022-09-06,001-219046.json
2022-09-06,001-219042.json
2022-09-01,001-218941.json
2022-09-01,001-218930.json
2022-09-01,001-218939.json
2022-09-01,001-218940.json
2022-09-01,001-218927.json
2022-08-30,001-218922.json
2022-08-30,001-218919.json
2022-08-30,001-218936.json
2022-08-30,001-218918.json
2022-08-30,001-218921.json
2022-07-21,001-218427.json
2022-07-12,001-218302.json
2022-07-07,001-218456.json
2022-07-07,001-218459.json
2022-07-05,001-218117.json
2022-07-05,001-218116.json
2022-07-05,001-218118.json
2022-06-30,001-218077.json
2022-06-30,001-218069.json
2022-06-30,001-218070.json
2022-06-30,001-218078.json
2022-06-30,001-218080.json
2022-06-28,001-218034.json
2022-06-23,001-217795.json
2022-06-23,001-217806.json
2022-06-23,001-218022.json
2022-06-23,001-217805.json
2022-06-21,001-218020.json
2022-06-16,001-218074.json
2022-06-16,001-217704.json
2022-06-16,001-217705.json
2022-06-14,001-217715.json
2022-06-14,001-217716.json
2022-06-14,001-217713.json
2022-06-09,001-217648.json
2022-06-09,001-217616.json
2022-06-07,001-217537.json
2022-06-02,001-217480.json
2022-06-02,001-217439.json
2022-05-31,001-217624.json
2022-05-24,001-217370.json
2022-05-19,001-217264.json
2022-05-19,001-217260.json
2022-05-17,001-217250.json
2022-05-12,001-217210.json
2022-05-12,001-217418.json
2022-05-10,001-216949.json
2022-05-05,001-217114.json
2022-05-05,001-217115.json
